"Domain","URL","Branch","Agency","Redirect","Uses HTTPS","Enforces HTTPS","Strict Transport Security (HSTS)","SSL Labs Grade"
"bundespolizei.de","http://www.bundespolizei.de","","Bundespolizeipräsidium","No","No","","",""
"beschaeftigung-aelterer.de","http://beschaeftigung-aelterer.de","","Bundesministerium für Arbeit und Soziales","No","No","","",""
"unsere-rente.info","http://www.unsere-rente.info","","Bundesministerium für Arbeit und Soziales","Yes","No","","",""
"breitbandatlas.de","http://breitbandatlas.de","","Bundesministerium für Verkehr und digitale Infrastruktur","No","No","","",""
"reichstagsgebaeude.eu","http://www.reichstagsgebaeude.eu","","Bundestag","Yes","No","","",""
"the-unseen.org","http://www.the-unseen.org","","Bundesministerium für Arbeit und Soziales","Yes","No","","",""
"verwaltungsmodernisierung.de","http://www.verwaltungsmodernisierung.de","","Bundesverwaltungsamt","Yes","No","","",""
"bmel.de","http://www.bmel.de","","Bundesministerium für Ernährung und Landwirtschaft","No","No","","",""
"bundeskriminalamt.org","http://bundeskriminalamt.org","","Bundeskriminalamt","No","No","","",""
"wettergefahren.eu","http://wettergefahren.eu","","Deutscher Wetterdienst","No","No","","",""
"bmvi.org","http://bmvi.org","","Bundesministerium für Verkehr und digitale Infrastruktur","No","No","","",""
"flugwetter-beratung.de","http://www.flugwetter-beratung.de","","Deutscher Wetterdienst","Yes","No","","",""
"bafa.de","http://www.bafa.de","","Bundesamt für Wirtschaft und Ausfuhrkontrolle","No","No","","",""
"bsi.bund.de","https://www.bsi.bund.de","","Bundesamt für Sicherheit in der Informationstechnik","No","Yes","Yes","No",""
"bundesstelle-fuer-informationstechnik.de","http://www.bundesstelle-fuer-informationstechnik.de","","Bundesverwaltungsamt","Yes","No","","",""
"medizinwetter.eu","http://www.medizinwetter.eu","","Deutscher Wetterdienst","Yes","No","","",""
"bundeskartellamt.de","http://www.bundeskartellamt.de","","Bundeskartellamt","No","No","","",""
"climateservices.de","http://www.climateservices.de","","Deutscher Wetterdienst","Yes","Yes","No","No",""
"neuekulturderarbeit.de","http://www.neuekulturderarbeit.de","","Bundesministerium für Arbeit und Soziales","Yes","No","","",""
"polizei-deutschland.de","http://www.polizei-deutschland.de","","Bundeskriminalamt","No","No","","",""
"yesweareopen.de","http://www.yesweareopen.de","","Bundesministerium für Arbeit und Soziales","Yes","No","","",""
"itzbund.de","https://www.itzbund.de","","Informationstechnikzentrum Bund","No","No","","",""
"adele-esf.de","http://adele-esf.de","","Bundesministerium für Arbeit und Soziales","No","Yes","No","No",""
"inqa-kmu.de","http://www.inqa-kmu.de","","Bundesministerium für Arbeit und Soziales","Yes","No","","",""
"mein-mikrokredit.org","http://www.mein-mikrokredit.org","","Bundesministerium für Arbeit und Soziales","Yes","No","","",""
"auslandsschulwesen.eu","http://www.auslandsschulwesen.eu","","Bundesverwaltungsamt","Yes","No","","",""
"arbeiten4punktnull.de","http://www.arbeiten4punktnull.de","","Bundesministerium für Arbeit und Soziales","Yes","No","","",""
"evergabe-online.info","http://www.evergabe-online.info","","Beschaffungsamt des Bundesministeriums des Innern","No","No","","",""
"bmvbs.de","http://www.bmvbs.de","","Bundesministerium für Verkehr und digitale Infrastruktur","Yes","No","","",""
"mindestlohn-wirkt.de","http://www.mindestlohn-wirkt.de","","Bundesministerium für Arbeit und Soziales","Yes","No","","",""
"bundesverkehrsminister.de","http://bundesverkehrsminister.de","","Bundesministerium für Verkehr und digitale Infrastruktur","No","No","","",""
"briefing4pilot.eu","http://www.briefing4pilot.eu","","Deutscher Wetterdienst","No","Yes","No","No",""
"bundesfinanzhof.de","http://bundesfinanzhof.de","","Bundesfinanzhof","No","No","","",""
"bundessozialministerium.de","http://www.bundessozialministerium.de","","Bundesministerium für Arbeit und Soziales","Yes","No","","",""
"personalausweisportal.de","http://www.personalausweisportal.de","","Bundesverwaltungsamt","No","No","","",""
"mitneuemmut.de","http://www.mitneuemmut.de","","Bundesministerium für Arbeit und Soziales","Yes","No","","",""
"doi-sec-de.net","http://doi-sec-de.net","","Bundesverwaltungsamt","No","No","","",""
"auslandschulwesen.de","http://www.auslandschulwesen.de","","Bundesverwaltungsamt","Yes","No","","",""
"inqa-produktion.de","http://www.inqa-produktion.de","","Bundesministerium für Arbeit und Soziales","Yes","No","","",""
"bundeswehr-karriere.de","http://www.bundeswehr-karriere.de","","Bundesamt für das Personalmanagement der Bundeswehr","Yes","Yes","Yes","No",""
"bafoeg.online","http://bafoeg.online","","Bundesverwaltungsamt","No","No","","",""
"m.budget.bmas.de","http://www.m.budget.bmas.de","","Bundesministerium für Arbeit und Soziales","No","No","","",""
"yes-we-are-open.info","http://www.yes-we-are-open.info","","Bundesministerium für Arbeit und Soziales","Yes","No","","",""
"federal-ministry-of-finance.de","http://www.federal-ministry-of-finance.de","","Bundesministerium der Finanzen","Yes","No","","",""
"sozialversicherungswahlen.de","http://www.sozialversicherungswahlen.de","","Bundesministerium für Arbeit und Soziales","Yes","No","","",""
"bundessortenamt.de","http://www.bundessortenamt.de","","Bundessortenamt","No","Yes","No","No",""
"bundesbauministerium.org","http://bundesbauministerium.org","","Bundesministerium für Verkehr und digitale Infrastruktur","No","No","","",""
"bitv-lotse.bund.de","http://bitv-lotse.bund.de","","Bundesministerium für Arbeit und Soziales","Yes","No","","",""
"bundesrat.de","http://www.bundesrat.de","","Bundesrat","No","No","","",""
"sgbzwei.org","http://sgbzwei.org","","Bundesministerium für Arbeit und Soziales","No","No","","",""
"infrastrukturministerium.de","http://infrastrukturministerium.de","","Bundesministerium für Verkehr und digitale Infrastruktur","No","No","","",""
"bundesversicherungsamt.de","http://www.bundesversicherungsamt.de","","Bundesversicherungsamt","No","No","","",""
"eba.bund.de","http://www.eba.bund.de","","Eisenbahn-Bundesamt","No","No","","",""
"dbtg.tv","http://www.dbtg.tv","","Bundestag","Yes","No","","",""
"inqa-pflege.de","http://www.inqa-pflege.de","","Bundesministerium für Arbeit und Soziales","Yes","No","","",""
"bundessprachenamt.de","http://bundessprachenamt.de","","Bundessprachenamt","No","No","","",""
"kkr.bund.de","http://www.kkr.bund.de","","Kompetenzzentrum für das Kassen- und Rechnungswesen des Bundes","No","No","","",""
"was-ist-gute-arbeit.de","http://www.was-ist-gute-arbeit.de","","Bundesministerium für Arbeit und Soziales","Yes","No","","",""
"bmvg.de","http://www.bmvg.de","","Bundesministerium der Verteidigung","No","No","","",""
"alpenwetter.eu","http://www.alpenwetter.eu","","Deutscher Wetterdienst","No","No","","",""
"derbevoelkerung.de","http://derbevoelkerung.de","","Bundestag","No","No","","",""
"bundesverwaltungsamt.de","http://www.bundesverwaltungsamt.de","","Bundesverwaltungsamt","Yes","No","","",""
"parlamentsfernsehen.de","http://www.parlamentsfernsehen.de","","Bundestag","Yes","No","","",""
"initiative-neue-qualitaet-der-arbeit.de","http://www.initiative-neue-qualitaet-der-arbeit.de","","Bundesministerium für Arbeit und Soziales","Yes","No","","",""
"pcmet.de","http://www.pcmet.de","","Deutscher Wetterdienst","No","Yes","No","No",""
"mobil.einfachteilhaben.de","http://www.mobil.einfachteilhaben.de","","Bundesministerium für Arbeit und Soziales","Yes","No","","",""
"sgbzwei.info","http://sgbzwei.info","","Bundesministerium für Arbeit und Soziales","No","No","","",""
"bva.bund.de","http://www.bva.bund.de","","Bundesverwaltungsamt","No","No","","",""
"met4aviation.com","http://www.met4aviation.com","","Deutscher Wetterdienst","No","Yes","No","No",""
"meinmicrokredit.de","http://meinmicrokredit.de","","Bundesministerium für Arbeit und Soziales","No","No","","",""
"energie-fuer-morgen.de","http://energie-fuer-morgen.de","","Bundesministerium für Verkehr und digitale Infrastruktur","No","No","","",""
"digitales-testfeld-autobahn.de","http://digitales-testfeld-autobahn.de","","Bundesministerium für Verkehr und digitale Infrastruktur","No","No","","",""
"bmvi.info","http://bmvi.info","","Bundesministerium für Verkehr und digitale Infrastruktur","No","No","","",""
"gcos.de","http://www.gcos.de","","Deutscher Wetterdienst","Yes","No","","",""
"esf.de","http://www.esf.de","","Bundesministerium für Arbeit und Soziales","No","No","","",""
"behindern-ist-heilbar.de","http://www.behindern-ist-heilbar.de","","Bundesministerium für Arbeit und Soziales","Yes","No","","",""
"hinzuverdienstrechner.de","http://hinzuverdienstrechner.de","","Bundesministerium für Arbeit und Soziales","No","No","","",""
"bmas.de","http://www.bmas.de","","Bundesministerium für Arbeit und Soziales","No","No","","",""
"bund.online","http://bund.online","","Bundesverwaltungsamt","No","No","","",""
"flugmet.de","http://www.flugmet.de","","Deutscher Wetterdienst","No","Yes","No","No",""
"alpenflugwetter.de","http://www.alpenflugwetter.de","","Deutscher Wetterdienst","No","No","","",""
"einfachteilhaben.de","http://www.einfachteilhaben.de","","Bundesministerium für Arbeit und Soziales","Yes","No","","",""
"sozialministerium.eu","http://www.sozialministerium.eu","","Bundesministerium für Arbeit und Soziales","Yes","No","","",""
"anticorruption.help","http://www.anticorruption.help","","Bundesverwaltungsamt","Yes","No","","",""
"ein-und-ausblicke.de","http://www.ein-und-ausblicke.de","","Bundestag","Yes","No","","",""
"oss.bund.de","http://oss.bund.de","","Sozialwerk der Inneren Verwaltung des Bundes e.V.","No","No","","",""
"bspc2007.de","http://www.bspc2007.de","","Bundestag","Yes","No","","",""
"auswaertiges-amt.de","http://www.auswaertiges-amt.de","","Auswärtiges Amt","No","No","","",""
"agrowetter.de","http://www.agrowetter.de","","Deutscher Wetterdienst","Yes","No","","",""
"die-rente.info","http://www.die-rente.info","","Bundesministerium für Arbeit und Soziales","Yes","No","","",""
"sgb2-kennzahlen.de","http://www.sgb2-kennzahlen.de","","Bundesministerium für Arbeit und Soziales","Yes","Yes","Yes","No",""
"mein-mikrokredit.eu","http://mein-mikrokredit.eu","","Bundesministerium für Arbeit und Soziales","No","No","","",""
"briefing4aviation.de","http://www.briefing4aviation.de","","Deutscher Wetterdienst","No","Yes","No","No",""
"bfb-bund.de","http://bfb-bund.de","","Bundesmonopolverwaltung für Branntwein","No","No","","",""
"bundesfinanzministerium.de","http://www.bundesfinanzministerium.de","","Bundesministerium der Finanzen","No","No","","",""
"personenstandsrecht.de","http://www.personenstandsrecht.de","","Bundesministerium des Innern","No","No","","",""
"das-jobcenter.de","http://das-jobcenter.de","","Bundesministerium für Arbeit und Soziales","No","No","","",""
"whochdrei-wohlstandsindikatoren.de","http://www.whochdrei-wohlstandsindikatoren.de","","Bundestag","Yes","No","","",""
"bit.bund.de","http://www.bit.bund.de","","Informationstechnikzentrum Bund","Yes","No","","",""
"bmjv.de","http://www.bmjv.de","","Bundesministerium der Justiz und für Verbraucherschutz","No","No","","",""
"meinmicrocredit.com","http://meinmicrocredit.com","","Bundesministerium für Arbeit und Soziales","No","No","","",""
"lernplattform.bund.de","https://lernplattform.bund.de","","Hochschule des Bundes für öffentliche Verwaltung","No","Yes","Yes","No",""
"arbeitsministerium.eu","http://www.arbeitsministerium.eu","","Bundesministerium für Arbeit und Soziales","Yes","No","","",""
"leitfadeninklusion.de","http://www.leitfadeninklusion.de","","Bundesministerium für Arbeit und Soziales","Yes","No","","",""
"gesundheitswetter.eu","http://www.gesundheitswetter.eu","","Deutscher Wetterdienst","Yes","No","","",""
"mo-ro.net","http://mo-ro.net","","Bundesministerium für Verkehr und digitale Infrastruktur","No","No","","",""
"zuwes.de","https://zuwes.de","","Bundesverwaltungsamt","No","Yes","Yes","No",""
"meinmikrokredit.de","http://meinmikrokredit.de","","Bundesministerium für Arbeit und Soziales","No","No","","",""
"sozialbeirat.de","http://www.sozialbeirat.de","","Bundesministerium für Arbeit und Soziales","No","No","","",""
"caf-netzwerk.de","http://www.caf-netzwerk.de","","Bundesverwaltungsamt","Yes","No","","",""
"bmvi.de","http://www.bmvi.de","","Bundesministerium für Verkehr und digitale Infrastruktur","No","No","","",""
"bundeshaushalt-info.de","http://www.bundeshaushalt-info.de","","Bundesministerium der Finanzen","No","Yes","No","No",""
"auslandsschulportal.de","http://www.auslandsschulportal.de","","Bundesverwaltungsamt","Yes","No","","",""
"bundesverkehrsministerium.net","http://bundesverkehrsministerium.net","","Bundesministerium für Verkehr und digitale Infrastruktur","No","No","","",""
"der-demograf.de","http://www.der-demograf.de","","Bundesministerium für Arbeit und Soziales","Yes","No","","",""
"briefing4pilot.de","http://www.briefing4pilot.de","","Deutscher Wetterdienst","No","Yes","No","No",""
"bmwi.de","http://bmwi.de","","Bundesministerium für Wirtschaft und Energie","No","No","","",""
"mri.bund.de","https://www.mri.bund.de","","Max Rubner-Institut, Bundesforschungsinstitut für Ernährung und Lebensmittel","No","Yes","Yes","No",""
"mindestlohn-kommt.de","http://www.mindestlohn-kommt.de","","Bundesministerium für Arbeit und Soziales","Yes","No","","",""
"dates-esf-test.de","https://www.dates-esf-test.de","","Bundesministerium für Arbeit und Soziales","No","No","","",""
"bundesbauminister.org","http://bundesbauminister.org","","Bundesministerium für Verkehr und digitale Infrastruktur","No","No","","",""
"climateservices.eu","http://www.climateservices.eu","","Deutscher Wetterdienst","Yes","Yes","No","No",""
"bevoelkerungsschutz.de","http://www.bevoelkerungsschutz.de","","Bundesamt für Bevölkerungsschutz und Katastrophenhilfe","Yes","No","","",""
"inqa-demografie.de","http://www.inqa-demografie.de","","Bundesministerium für Arbeit und Soziales","Yes","No","","",""
"inqa-ddn.de","http://www.inqa-ddn.de","","Bundesministerium für Arbeit und Soziales","Yes","No","","",""
"climatemonitoring.eu","http://www.climatemonitoring.eu","","Deutscher Wetterdienst","Yes","No","","",""
"ptb.de","http://www.ptb.de","","Physikalisch-Technische Bundesanstalt","No","Yes","No","No",""
"jobsohnebarrieren.de","http://www.jobsohnebarrieren.de","","Bundesministerium für Arbeit und Soziales","Yes","No","","",""
"meinmicrocredit.de","http://meinmicrocredit.de","","Bundesministerium für Arbeit und Soziales","No","No","","",""
"rentenpaket.de","http://www.rentenpaket.de","","Bundesministerium für Arbeit und Soziales","No","No","","",""
"bundeskriminalamt.net","http://bundeskriminalamt.net","","Bundeskriminalamt","No","No","","",""
"kba.de","http://www.kba.de","","Kraftfahrt-Bundesamt","No","No","","",""
"klimaservices.de","http://www.klimaservices.de","","Deutscher Wetterdienst","Yes","No","","",""
"bmvi.eu","http://bmvi.eu","","Bundesministerium für Verkehr und digitale Infrastruktur","No","No","","",""
"inqa-demographie.de","http://www.inqa-demographie.de","","Bundesministerium für Arbeit und Soziales","Yes","No","","",""
"xn--allianz-fr-arbeitskrfte-f8b20d.de","http://xn--allianz-fr-arbeitskrfte-f8b20d.de","","Bundesministerium für Arbeit und Soziales","No","No","","",""
"bundesverkehrsminister.com","http://bundesverkehrsminister.com","","Bundesministerium für Verkehr und digitale Infrastruktur","No","No","","",""
"bitvlotse.de","http://www.bitvlotse.de","","Bundesministerium für Arbeit und Soziales","Yes","No","","",""
"csr-unternehmenswerte.de","http://csr-unternehmenswerte.de","","Bundesministerium für Arbeit und Soziales","No","No","","",""
"mad.bundeswehr.de","http://www.mad.bundeswehr.de","","Amt für den Militärischen Abschirmdienst","Yes","No","","",""
"klimaueberwachung.de","http://www.klimaueberwachung.de","","Deutscher Wetterdienst","Yes","No","","",""
"reichstag.eu","http://www.reichstag.eu","","Bundestag","Yes","No","","",""
"bva.services","http://bva.services","","Bundesverwaltungsamt","No","No","","",""
"bundestag-online.de","http://www.bundestag-online.de","","Bundestag","Yes","No","","",""
"bbk.bund.de","http://www.bbk.bund.de","","Bundesamt für Bevölkerungsschutz und Katastrophenhilfe","No","No","","",""
"umweltbundesamt.de","http://www.umweltbundesamt.de","","Umweltbundesamt","No","Yes","No","Yes",""
"bundeskriminalamt.eu","http://bundeskriminalamt.eu","","Bundeskriminalamt","No","No","","",""
"polizei.de","http://polizei.de","","Bundeskriminalamt","No","Yes","No","No",""
"xn--einsatzfrarbeit-6vb.de","http://www.xn--einsatzfrarbeit-6vb.de","","Bundesministerium für Arbeit und Soziales","Yes","No","","",""
"mein-mikrokredit.com","http://mein-mikrokredit.com","","Bundesministerium für Arbeit und Soziales","No","No","","",""
"agrowetter.eu","http://www.agrowetter.eu","","Deutscher Wetterdienst","Yes","No","","",""
"radwegdeutscheeinheit.de","http://radwegdeutscheeinheit.de","","Bundesministerium für Verkehr und digitale Infrastruktur","No","No","","",""
"met4pilot.eu","http://www.met4pilot.eu","","Deutscher Wetterdienst","No","Yes","No","No",""
"bundespraesident.de","http://www.bundespraesident.de","","Bundespräsident","No","No","","",""
"reichstagsgebaeude.de","http://www.reichstagsgebaeude.de","","Bundestag","Yes","No","","",""
"jobcenterservice.de","http://jobcenterservice.de","","Bundesministerium für Arbeit und Soziales","No","No","","",""
"cert-bund.de","https://www.cert-bund.de","","Bundesamt für Sicherheit in der Informationstechnik","No","Yes","Yes","No",""
"parlaments-profi.de","http://www.parlaments-profi.de","","Bundestag","Yes","No","","",""
"mobil.budget.bmas.de","http://www.mobil.budget.bmas.de","","Bundesministerium für Arbeit und Soziales","No","No","","",""
"kfw-foerderbank.de","http://www.kfw-foerderbank.de","","KfW-Kommunalbank","Yes","No","","",""
"bundesbank.de","http://www.bundesbank.de","","Deutsche Bundesbank","No","Yes","No","No",""
"wwwbund.de","http://wwwbund.de","","Bundesverwaltungsamt","No","No","","",""
"altersvorsorgemachtschule.com","http://altersvorsorgemachtschule.com","","Bundesministerium für Arbeit und Soziales","No","No","","",""
"aussiedlerbeauftragter.de","http://www.aussiedlerbeauftragter.de","","Beauftragter für Aussiedlerfragen und nationale Minderheiten","No","No","","",""
"psyga-check.de","http://www.psyga-check.de","","Bundesministerium für Arbeit und Soziales","Yes","No","","",""
"bundeskriminalamt.de","http://bundeskriminalamt.de","","Bundeskriminalamt","No","No","","",""
"bundesverkehrsministerium.org","http://bundesverkehrsministerium.org","","Bundesministerium für Verkehr und digitale Infrastruktur","No","No","","",""
"netzallianz-digitales-deutschland.de","http://netzallianz-digitales-deutschland.de","","Bundesministerium für Verkehr und digitale Infrastruktur","No","No","","",""
"wsv.de","http://wsv.de","","Generaldirektion Wasserstraßen und Schifffahrt","No","No","","",""
"briefing4aviation.com","http://www.briefing4aviation.com","","Deutscher Wetterdienst","No","Yes","No","No",""
"meinmicrocredit.eu","http://meinmicrocredit.eu","","Bundesministerium für Arbeit und Soziales","No","No","","",""
"ida.de","http://www.ida.de","","Bundesministerium für Arbeit und Soziales","No","No","","",""
"bundesarchiv.de","http://bundesarchiv.de","","Bundesarchiv","No","Yes","No","No",""
"esa-cloud-cci.eu","http://www.esa-cloud-cci.eu","","Deutscher Wetterdienst","No","No","","",""
"zoll.de","http://www.zoll.de","","Bundesministerium der Finanzen","No","No","","",""
"arbeit-psyche.de","http://www.arbeit-psyche.de","","Bundesministerium für Arbeit und Soziales","Yes","No","","",""
"bildungskredit.de","http://www.bildungskredit.de","","Bundesverwaltungsamt","Yes","No","","",""
"badv.bund.de","http://www.badv.bund.de","","Bundesamt für zentrale Dienste und offene Vermögensfragen","No","No","","",""
"v-modell-xt.de","http://www.v-modell-xt.de","","Bundesverwaltungsamt","Yes","No","","",""
"einfachteilhaben.mobi","http://www.einfachteilhaben.mobi","","Bundesministerium für Arbeit und Soziales","Yes","No","","",""
"gemeinsam-einfach-machen.de","http://www.gemeinsam-einfach-machen.de","","Bundesministerium für Arbeit und Soziales","No","No","","",""
"arbeitsschutz-forschung.de","http://www.arbeitsschutz-forschung.de","","Bundesministerium für Arbeit und Soziales","Yes","No","","",""
"zielvereinbarungsregister.de","http://www.zielvereinbarungsregister.de","","Bundesministerium für Arbeit und Soziales","Yes","No","","",""
"cio.bund.de","http://www.cio.bund.de","","Der Beauftragte der Bundesregierung für Informationstechnik","No","No","","",""
"punktereform.de","http://punktereform.de","","Bundesministerium für Verkehr und digitale Infrastruktur","No","No","","",""
"dienstleistungszentrum.de","http://www.dienstleistungszentrum.de","","Bundesverwaltungsamt","Yes","No","","",""
"bundesbauminister.com","http://bundesbauminister.com","","Bundesministerium für Verkehr und digitale Infrastruktur","No","No","","",""
"arbeitenvierpunktnull.de","http://www.arbeitenvierpunktnull.de","","Bundesministerium für Arbeit und Soziales","Yes","No","","",""
"pei.de","http://www.pei.de","","Paul Ehrlich Institut Bundesinstitut für Impfstoffe und biomedizinische Arzneimittel","No","No","","",""
"bundesnetzagentur.de","http://www.bundesnetzagentur.de","","Bundesnetzagentur","No","No","","",""
"die-rente.net","http://www.die-rente.net","","Bundesministerium für Arbeit und Soziales","Yes","No","","",""
"kuppel-kucker.de","http://www.kuppel-kucker.de","","Bundestag","Yes","No","","",""
"bfr.bund.de","http://www.bfr.bund.de","","Bundesinstitut für Risikobewertung","No","Yes","No","No",""
"bundesministerium-fuer-stadtentwicklung.de","http://bundesministerium-fuer-stadtentwicklung.de","","Bundesministerium für Verkehr und digitale Infrastruktur","No","No","","",""
"esa-cloud-cci.net","http://www.esa-cloud-cci.net","","Deutscher Wetterdienst","No","No","","",""
"dimdi.de","http://www.dimdi.de","","Deutsches Institut für Medizinische Dokumentation und Information","No","Yes","No","No",""
"testa-de.net","http://testa-de.net","","Bundesverwaltungsamt","No","No","","",""
"hartziv.de","http://hartziv.de","","Bundesministerium für Arbeit und Soziales","No","No","","",""
"bvwp2015.de","http://bvwp2015.de","","Bundesministerium für Verkehr und digitale Infrastruktur","No","No","","",""
"ble.de","http://www.ble.de","","Bundesanstalt für Landwirtschaft und Ernährung","No","No","","",""
"esf-meine-geschichte.de","https://www.esf-meine-geschichte.de","","Bundesministerium für Arbeit und Soziales","No","Yes","Yes","No",""
"bundesverfassungsgericht.de","http://www.bundesverfassungsgericht.de","","Bundesverfassungsgericht","No","No","","",""
"fons-civitatis.de","http://www.fons-civitatis.de","","Bundesverwaltungsamt","Yes","No","","",""
"bundeskriminalamt.info","http://bundeskriminalamt.info","","Bundeskriminalamt","No","No","","",""
"ostseeparlamentarierkonferenz2007.de","http://www.ostseeparlamentarierkonferenz2007.de","","Bundestag","Yes","No","","",""
"altersvorsorgemachtschule.net","http://altersvorsorgemachtschule.net","","Bundesministerium für Arbeit und Soziales","No","No","","",""
"bmi.bund.de","http://www.bmi.bund.de","","Bundesministerium des Innern","No","No","","",""
"registerfactory.de","http://www.registerfactory.de","","Bundesverwaltungsamt","Yes","No","","",""
"csrmadeingermany.de","http://csrmadeingermany.de","","Bundesministerium für Arbeit und Soziales","No","No","","",""
"polizei-info.de","http://www.polizei-info.de","","Bundeskriminalamt","Yes","No","","",""
"arbeitenbis67.de","http://www.arbeitenbis67.de","","Bundesministerium für Arbeit und Soziales","Yes","No","","",""
"banu.bund.de","http://www.banu.bund.de","","Informationstechnikzentrum Bund","No","No","","",""
"alpenflugwetter.com","http://www.alpenflugwetter.com","","Deutscher Wetterdienst","No","No","","",""
"kinderkommission.de","http://www.kinderkommission.de","","Bundestag","Yes","No","","",""
"60jahresozialstaat.de","http://www.60jahresozialstaat.de","","Bundesministerium für Arbeit und Soziales","Yes","No","","",""
"sgbii.eu","http://sgbii.eu","","Bundesministerium für Arbeit und Soziales","No","No","","",""
"destatis.de","https://www.destatis.de","","Statistisches Bundesamt","No","Yes","Yes","No",""
"isyfact.de","http://www.isyfact.de","","Bundesverwaltungsamt","Yes","No","","",""
"mein-microkredit.com","http://mein-microkredit.com","","Bundesministerium für Arbeit und Soziales","No","No","","",""
"bmg.bund.de","http://bmg.bund.de","","Bundesministerium für Gesundheit","No","No","","",""
"altersvorsorgemachtschule.info","http://altersvorsorgemachtschule.info","","Bundesministerium für Arbeit und Soziales","No","No","","",""
"government-site-builder.de","http://www.government-site-builder.de","","Bundesverwaltungsamt","Yes","No","","",""
"bundesministerium-fuer-arbeit-und-soziales.eu","http://www.bundesministerium-fuer-arbeit-und-soziales.eu","","Bundesministerium für Arbeit und Soziales","Yes","No","","",""
"bafoeg-rueckzahlung.de","http://www.bafoeg-rueckzahlung.de","","Bundesverwaltungsamt","Yes","No","","",""
"zukunftbreitband.de","http://www.zukunftbreitband.de","","Bundesministerium für Verkehr und digitale Infrastruktur","No","No","","",""
"sgbii.com","http://sgbii.com","","Bundesministerium für Arbeit und Soziales","No","No","","",""
"dienstreisezentrum.de","http://dienstreisezentrum.de","","Bundesverwaltungsamt","No","No","","",""
"fli.bund.de","http://www.fli.bund.de","","Friedrich-Loeffler-Institut, Bundesforschungsinstitut für Tiergesundheit","Yes","No","","",""
"bva-dienstleistungszentrum.de","http://www.bva-dienstleistungszentrum.de","","Bundesverwaltungsamt","Yes","No","","",""
"verwaltungsservicezentrum.de","http://www.verwaltungsservicezentrum.de","","Bundesverwaltungsamt","Yes","No","","",""
"unternehmens-wert-mensch.de","http://www.unternehmens-wert-mensch.de","","Bundesministerium für Arbeit und Soziales","No","Yes","No","No",""
"segelflugwetter.de","http://www.segelflugwetter.de","","Deutscher Wetterdienst","Yes","Yes","No","No",""
"bam.de","http://www.bam.de","","Bundesanstalt für Materialforschung und -prüfung","No","No","","",""
"bundesgerichtshof.de","http://www.bundesgerichtshof.de","","Bundesgerichtshof","No","No","","",""
"klimamonitoring.de","http://www.klimamonitoring.de","","Deutscher Wetterdienst","Yes","No","","",""
"lebenslagen-in-deutschland.de","http://www.lebenslagen-in-deutschland.de","","Bundesministerium für Arbeit und Soziales","Yes","No","","",""
"bsu-bund.de","http://www.bsu-bund.de","","Bundesstelle für Seeunfalluntersuchung","No","No","","",""
"jobcenterreform.de","http://jobcenterreform.de","","Bundesministerium für Arbeit und Soziales","No","No","","",""
"arb-5.de","http://www.arb-5.de","","Bundesministerium für Arbeit und Soziales","Yes","No","","",""
"oberpruefungsamt.de","http://www.oberpruefungsamt.de","","Bundesministerium für Verkehr und digitale Infrastruktur","Yes","No","","",""
"bundesverkehrsministerium.de","http://bundesverkehrsministerium.de","","Bundesministerium für Verkehr und digitale Infrastruktur","No","No","","",""
"kulturstaatsminister.de","http://www.kulturstaatsminister.de","","Die Beauftragte der Bundesregierung für Kultur und Medien","Yes","No","","",""
"jakob-kaiser-haus.de","http://www.jakob-kaiser-haus.de","","Bundestag","Yes","No","","",""
"seewis.de","http://www.seewis.de","","Deutscher Wetterdienst","Yes","No","","",""
"x500.bund.de","http://x500.bund.de","","Bundesamt für Sicherheit in der Informationstechnik","No","No","","",""
"meinmikrocredit.eu","http://meinmikrocredit.eu","","Bundesministerium für Arbeit und Soziales","No","No","","",""
"bundeskanzlerin.de","https://www.bundeskanzlerin.de","","Bundeskanzlerin","No","Yes","Yes","No",""
"wetterlexikon.eu","http://www.wetterlexikon.eu","","Deutscher Wetterdienst","Yes","No","","",""
"paul-loebe-haus.de","http://www.paul-loebe-haus.de","","Bundestag","Yes","No","","",""
"datenhandbuch-bundestag.de","http://www.datenhandbuch-bundestag.de","","Bundestag","Yes","No","","",""
"bundestagspraesident.de","http://www.bundestagspraesident.de","","Bundestag","Yes","No","","",""
"so-klingt-europa.de","http://www.so-klingt-europa.de","","Bundesministerium der Finanzen","No","No","","",""
"bmfsfj.de","http://www.bmfsfj.de","","Bundesministerium für Familie, Senioren, Frauen und Jugend","No","No","","",""
"willkommenindeutschland.info","http://willkommenindeutschland.info","","Bundesministerium für Arbeit und Soziales","Yes","No","","",""
"rccra6.org","http://www.rccra6.org","","Deutscher Wetterdienst","Yes","No","","",""
"segelflugwetter.eu","http://www.segelflugwetter.eu","","Deutscher Wetterdienst","Yes","No","","",""
"bma.de","http://www.bma.de","","Bundesministerium für Arbeit und Soziales","Yes","No","","",""
"doi-de.net","http://doi-de.net","","Bundesverwaltungsamt","No","No","","",""
"bka-bund.de","http://bka-bund.de","","Bundeskriminalamt","No","No","","",""
"sgb2.net","http://sgb2.net","","Bundesministerium für Arbeit und Soziales","No","No","","",""
"whochdrei-indikatoren.de","http://www.whochdrei-indikatoren.de","","Bundestag","Yes","No","","",""
"bfu-web.de","http://www.bfu-web.de","","Bundesstelle für Flugunfalluntersuchung","No","No","","",""
"bundesbauministerium.com","http://bundesbauministerium.com","","Bundesministerium für Verkehr und digitale Infrastruktur","No","No","","",""
"deutscherdom.de","http://www.deutscherdom.de","","Bundestag","Yes","No","","",""
"alpenflugwetter.eu","http://www.alpenflugwetter.eu","","Deutscher Wetterdienst","No","No","","",""
"netzwerk-alleinerziehende.de","http://www.netzwerk-alleinerziehende.de","","Bundesministerium für Arbeit und Soziales","Yes","No","","",""
"bundesverwaltungsgericht.de","http://bundesverwaltungsgericht.de","","Bundesverwaltungsgericht","No","No","","",""
"rki.de","http://www.rki.de","","Robert Koch-Institut","No","No","","",""
"allianz-fuer-arbeitskraefte.de","http://allianz-fuer-arbeitskraefte.de","","Bundesministerium für Arbeit und Soziales","No","No","","",""
"csringermany.de","http://csringermany.de","","Bundesministerium für Arbeit und Soziales","No","No","","",""
"m.einfachteilhaben.de","http://www.m.einfachteilhaben.de","","Bundesministerium für Arbeit und Soziales","Yes","No","","",""
"sgbzwei.com","http://sgbzwei.com","","Bundesministerium für Arbeit und Soziales","No","No","","",""
"bgr.bund.de","http://www.bgr.bund.de","","Bundesanstalt für Geowissenschaften und Rohstoffe","No","No","","",""
"bundescriminalamt.de","http://bundescriminalamt.de","","Bundeskriminalamt","No","No","","",""
"sgb2.com","http://sgb2.com","","Bundesministerium für Arbeit und Soziales","No","No","","",""
"aviation-weather.eu","http://www.aviation-weather.eu","","Deutscher Wetterdienst","No","No","","",""
"bmz.de","http://www.bmz.de","","Bundesministerium für wirtschaftliche Zusammenarbeit und Entwicklung","No","No","","",""
"einsatzfuerarbeit.de","http://www.einsatzfuerarbeit.de","","Bundesministerium für Arbeit und Soziales","Yes","No","","",""
"sozialpolitische-informationen.de","http://www.sozialpolitische-informationen.de","","Bundesministerium für Arbeit und Soziales","Yes","No","","",""
"gisc-offenbach.eu","http://www.gisc-offenbach.eu","","Deutscher Wetterdienst","Yes","No","","",""
"bvl.bund.de","http://www.bvl.bund.de","","Bundesamt für Verbraucherschutz und Lebensmittelsicherheit","No","No","","",""
"aktionsplan-allergien.de","http://www.aktionsplan-allergien.de","","Bundesamt für Verbraucherschutz und Lebensmittelsicherheit","Yes","No","","",""
"gruan.org","http://www.gruan.org","","Deutscher Wetterdienst","Yes","No","","",""
"esa-cloud-cci.info","http://www.esa-cloud-cci.info","","Deutscher Wetterdienst","No","No","","",""
"mindestlohn-gilt.de","http://www.mindestlohn-gilt.de","","Bundesministerium für Arbeit und Soziales","Yes","No","","",""
"arbeitsagentur.de","https://www.arbeitsagentur.de","","Bundesagentur für Arbeit","No","Yes","Yes","No",""
"stabile-finanzmaerkte.de","http://www.stabile-finanzmaerkte.de","","Bundesministerium der Finanzen","Yes","No","","",""
"asse.bund.de","http://www.asse.bund.de","","Bundesamt für Strahlenschutz","No","No","","",""
"ballonwetter.eu","http://www.ballonwetter.eu","","Deutscher Wetterdienst","Yes","No","","",""
"gph-habitat.de","http://www.gph-habitat.de","","Bundestag","Yes","No","","",""
"das-rentenpaket.de","http://www.das-rentenpaket.de","","Bundesministerium für Arbeit und Soziales","Yes","No","","",""
"ostseeparlamentarierkonferenz.de","http://www.ostseeparlamentarierkonferenz.de","","Bundestag","Yes","No","","",""
"fachkraefteoffensive.de","http://www.fachkraefteoffensive.de","","Bundesministerium für Arbeit und Soziales","Yes","No","","",""
"deutscher-wetterdienst.de","http://www.deutscher-wetterdienst.de","","Deutscher Wetterdienst","No","Yes","No","No",""
"bamf.de","http://www.bamf.de","","Bundesamt für Migration und Flüchtlinge","No","No","","",""
"bundesverkehrsminister.org","http://bundesverkehrsminister.org","","Bundesministerium für Verkehr und digitale Infrastruktur","No","No","","",""
"kbst.bund.de","http://www.kbst.bund.de","","Der Beauftragte der Bundesregierung für Informationstechnik","No","No","","",""
"generalbundesanwalt.de","http://www.generalbundesanwalt.de","","Generalbundesanwalt beim Bundesgerichtshof","No","Yes","No","No",""
"generationenarbeit.de","http://www.generationenarbeit.de","","Bundesministerium für Arbeit und Soziales","Yes","No","","",""
"bundesausgleichsamt.de","http://www.bundesausgleichsamt.de","","Bundesausgleichsamt","Yes","No","","",""
"stabile-haushalte.de","http://www.stabile-haushalte.de","","Bundesministerium der Finanzen","Yes","No","","",""
"verfassungsschutz.de","https://www.verfassungsschutz.de","","Bundesamt für Verfassungsschutz","No","Yes","Yes","Yes",""
"trivis.de","http://trivis.de","","Deutscher Wetterdienst","No","No","","",""
"bfe.bund.de","http://www.bfe.bund.de","","Bundesamt für kerntechnische Entsorgung","No","No","","",""
"zehnte-ddr-volkskammer.de","http://www.zehnte-ddr-volkskammer.de","","Bundestag","Yes","No","","",""
"bundessozialministerium.eu","http://www.bundessozialministerium.eu","","Bundesministerium für Arbeit und Soziales","Yes","No","","",""
"inqa-stress.de","http://www.inqa-stress.de","","Bundesministerium für Arbeit und Soziales","Yes","No","","",""
"bast.de","http://www.bast.de","","Bundesanstalt für Straßenwesen","No","No","","",""
"die-rente.org","http://www.die-rente.org","","Bundesministerium für Arbeit und Soziales","Yes","No","","",""
"deutscher-bundestag.eu","http://www.deutscher-bundestag.eu","","Bundestag","Yes","No","","",""
"w3-wohlstandsindikatoren.de","http://www.w3-wohlstandsindikatoren.de","","Bundestag","No","No","","",""
"dip21.de","http://www.dip21.de","","Bundestag","Yes","No","","",""
"bundesarbeitsministerium.eu","http://bundesarbeitsministerium.eu","","Bundesministerium für Arbeit und Soziales","Yes","No","","",""
"vertreterdesbundesinteresses.de","http://www.vertreterdesbundesinteresses.de","","Vertreter des Bundesinteresses beim Bundesverwaltungsgericht","Yes","No","","",""
"klimadeutschland.de","http://www.klimadeutschland.de","","Deutscher Wetterdienst","Yes","No","","",""
"bka.de","http://bka.de","","Bundeskriminalamt","No","Yes","No","No",""
"bpb.de","http://www.bpb.de","","Bundeszentrale für politische Bildung","No","Yes","No","No",""
"climateservice.eu","http://www.climateservice.eu","","Deutscher Wetterdienst","Yes","Yes","No","No",""
"bundesbauministerium.de","http://bundesbauministerium.de","","Bundesministerium für Verkehr und digitale Infrastruktur","No","No","","",""
"das-parlament.de","http://www.das-parlament.de","","Bundestag","No","No","","",""
"sgb2.org","http://sgb2.org","","Bundesministerium für Arbeit und Soziales","No","No","","",""
"met4pilot.com","http://www.met4pilot.com","","Deutscher Wetterdienst","No","Yes","No","No",""
"bund.services","http://bund.services","","Bundesverwaltungsamt","No","No","","",""
"sgbzwei.de","http://sgbzwei.de","","Bundesministerium für Arbeit und Soziales","No","No","","",""
"bundesarbeitsministerium.de","http://www.bundesarbeitsministerium.de","","Bundesministerium für Arbeit und Soziales","Yes","No","","",""
"dates-esf.de","https://www.dates-esf.de","","Bundesministerium für Arbeit und Soziales","No","No","","",""
"sgbzwei.eu","http://sgbzwei.eu","","Bundesministerium für Arbeit und Soziales","No","No","","",""
"klimadaten.eu","http://www.klimadaten.eu","","Deutscher Wetterdienst","Yes","No","","",""
"jobcentersuche.de","http://jobcentersuche.de","","Bundesministerium für Arbeit und Soziales","No","No","","",""
"deutscher-klimaatlas.de","http://www.deutscher-klimaatlas.de","","Deutscher Wetterdienst","Yes","No","","",""
"sgbii.net","http://sgbii.net","","Bundesministerium für Arbeit und Soziales","No","No","","",""
"sozialwerk.bund.de","http://www.sozialwerk.bund.de","","Sozialwerk der Inneren Verwaltung des Bundes e.V.","No","No","","",""
"dwd-shop.eu","http://www.dwd-shop.eu","","Deutscher Wetterdienst","Yes","No","","",""
"jki.bund.de","http://www.jki.bund.de","","Julius-Kühn Institut, Bundesforschungsinstitut für Kulturpflanzen","No","No","","",""
"dsd-weltweit.de","https://dsd-weltweit.de","","Bundesverwaltungsamt","No","Yes","Yes","No",""
"bundestagspraesidentin.de","http://www.bundestagspraesidentin.de","","Bundestag","Yes","No","","",""
"stabiler-euro.de","http://www.stabiler-euro.de","","Bundesministerium der Finanzen","Yes","No","","",""
"bkg.bund.de","http://bkg.bund.de","","Bundesamt für Kartographie und Geodäsie","No","No","","",""
"bmbf.de","https://bmbf.de","","Bundesministerium für Bildung und Forschung","No","Yes","Yes","No",""
"netzallianzdeutschland.de","http://netzallianzdeutschland.de","","Bundesministerium für Verkehr und digitale Infrastruktur","No","No","","",""
"xn--fachkrfteoffensive-qtb.de","http://www.xn--fachkrfteoffensive-qtb.de","","Bundesministerium für Arbeit und Soziales","Yes","No","","",""
"bund.de","http://www.bund.de","","Bundesverwaltungsamt","No","No","","",""
"bfs.de","http://www.bfs.de","","Bundesamt für Strahlenschutz","No","No","","",""
"a9digital.de","http://a9digital.de","","Bundesministerium für Verkehr und digitale Infrastruktur","No","No","","",""
"sgb2-reform.de","http://sgb2-reform.de","","Bundesministerium für Arbeit und Soziales","No","No","","",""
"briefing4pilot.com","http://www.briefing4pilot.com","","Deutscher Wetterdienst","No","Yes","No","No",""
"bva.website","http://www.bva.website","","Bundesverwaltungsamt","Yes","No","","",""
"dwd-shop.de","http://www.dwd-shop.de","","Deutscher Wetterdienst","No","Yes","No","No",""
"bdbos.bund.de","http://www.bdbos.bund.de","","Bundesanstalt für den Digitalfunk der Behörden und Organisationen mit Sicherheitsaufgaben","No","No","","",""
"bzga.de","http://www.bzga.de","","Bundeszentrale für gesundheitliche Aufklärung","No","No","","",""
"gsnmc.eu","http://www.gsnmc.eu","","Deutscher Wetterdienst","Yes","No","","",""
"bundestag.eu","http://www.bundestag.eu","","Bundestag","Yes","No","","",""
"bundestag-und-schule.de","http://www.bundestag-und-schule.de","","Bundestag","Yes","No","","",""
"budget.bmas.de","http://www.budget.bmas.de","","Bundesministerium für Arbeit und Soziales","No","No","","",""
"bundesbauminister.de","http://bundesbauminister.de","","Bundesministerium für Verkehr und digitale Infrastruktur","No","No","","",""
"bmas-alleinerziehende.de","http://www.bmas-alleinerziehende.de","","Bundesministerium für Arbeit und Soziales","Yes","No","","",""
"glasklar-bundestag.de","http://www.glasklar-bundestag.de","","Bundestag","Yes","No","","",""
"bmvi.net","http://bmvi.net","","Bundesministerium für Verkehr und digitale Infrastruktur","No","No","","",""
"arbeitvierpunktnull.de","http://www.arbeitvierpunktnull.de","","Bundesministerium für Arbeit und Soziales","Yes","No","","",""
"kuppel-kucker.info","http://www.kuppel-kucker.info","","Bundestag","Yes","No","","",""
"favorit.de","http://www.favorit.de","","Bundesverwaltungsamt","Yes","No","","",""
"pollenflugvorhersage.eu","http://www.pollenflugvorhersage.eu","","Deutscher Wetterdienst","Yes","No","","",""
"arbeiten-4-0.de","http://www.arbeiten-4-0.de","","Bundesministerium für Arbeit und Soziales","Yes","No","","",""
"met4pilot.de","http://www.met4pilot.de","","Deutscher Wetterdienst","No","Yes","No","No",""
"soziale-entschaedigung.de","http://www.soziale-entschaedigung.de","","Bundesministerium für Arbeit und Soziales","Yes","No","","",""
"bnd.de","http://www.bnd.de","","Bundesnachrichtendienst","Yes","No","","",""
"deutscher-bundestag.de","http://www.deutscher-bundestag.de","","Bundestag","Yes","No","","",""
"uv-index.de","http://www.uv-index.de","","Deutscher Wetterdienst","Yes","Yes","No","No",""
"we-are-open.info","http://we-are-open.info","","Bundesministerium für Arbeit und Soziales","Yes","No","","",""
"bundestag.de","http://www.bundestag.de","","Deutscher Bundestag","No","Yes","No","No",""
"xn--beschftigtebeteiligen-91b.de","http://www.xn--beschftigtebeteiligen-91b.de","","Bundesministerium für Arbeit und Soziales","Yes","No","","",""
"baw.de","http://www.baw.de","","Bundesanstalt für Wasserbau","No","No","","",""
"deutsche-polizei.eu","http://www.deutsche-polizei.eu","","Bundeskriminalamt","Yes","No","","",""
"mein-microkredit.eu","http://mein-microkredit.eu","","Bundesministerium für Arbeit und Soziales","No","No","","",""
"inqa-mittelstand.de","http://www.inqa-mittelstand.de","","Bundesministerium für Arbeit und Soziales","Yes","No","","",""
"bundesarbeitsgericht.de","http://www.bundesarbeitsgericht.de","","Bundesarbeitsgericht","No","No","","",""
"integration-in-deutschland.de","http://www.integration-in-deutschland.de","","Bundesamt für Migration und Flüchtlinge","Yes","No","","",""
"deutsches-parlament.eu","http://www.deutsches-parlament.eu","","Bundestag","Yes","No","","",""
"xenos-de.de","http://www.xenos-de.de","","Bundesministerium für Arbeit und Soziales","No","No","","",""
"marie-elisabeth-lueders-haus.de","http://www.marie-elisabeth-lueders-haus.de","","Bundestag","Yes","No","","",""
"bankenunion.de","http://www.bankenunion.de","","Bundesministerium der Finanzen","Yes","No","","",""
"unsere-rente.com","http://www.unsere-rente.com","","Bundesministerium für Arbeit und Soziales","Yes","No","","",""
"met4aviation.de","http://www.met4aviation.de","","Deutscher Wetterdienst","No","Yes","No","No",""
"chancen-mit-erfahrung.de","http://chancen-mit-erfahrung.de","","Bundesministerium für Arbeit und Soziales","No","No","","",""
"klimaueberwachung.eu","http://www.klimaueberwachung.eu","","Deutscher Wetterdienst","Yes","No","","",""
"inklusionslandkarte.de","https://www.inklusionslandkarte.de","","Bundesministerium für Arbeit und Soziales","No","Yes","Yes","No",""
"kunst-im-bundestag.de","http://www.kunst-im-bundestag.de","","Bundestag","Yes","No","","",""
"bundesregierung.de","https://www.bundesregierung.de","","Bundesregierung","No","Yes","Yes","No",""
"esa-cloud-cci.org","http://www.esa-cloud-cci.org","","Deutscher Wetterdienst","No","No","","",""
"meinmikrocredit.com","http://meinmikrocredit.com","","Bundesministerium für Arbeit und Soziales","No","No","","",""
"der-mindestlohn-gilt.de","http://www.der-mindestlohn-gilt.de","","Bundesministerium für Arbeit und Soziales","Yes","No","","",""
"flugwetter.eu","http://www.flugwetter.eu","","Deutscher Wetterdienst","No","Yes","No","No",""
"digitaleautobahn.de","http://digitaleautobahn.de","","Bundesministerium für Verkehr und digitale Infrastruktur","No","No","","",""
"dsd.online","http://dsd.online","","Bundesverwaltungsamt","No","No","","",""
"wdrei-wohlstandsindikatoren.de","http://www.wdrei-wohlstandsindikatoren.de","","Bundestag","Yes","No","","",""
"bundestagsarena.de","http://www.bundestagsarena.de","","Bundestag","Yes","No","","",""
"bafg.de","http://www.bafg.de","","Bundesanstalt für Gewässerkunde","No","No","","",""
"bfn.de","http://www.bfn.de","","Bundesamt für Naturschutz","No","Yes","No","No",""
"bev.bund.de","http://www.bev.bund.de","","Bundeseisenbahnvermögen","No","No","","",""
"lba.de","http://www.lba.de","","Luftfahrt-Bundesamt","No","No","","",""
"arbeitenviernull.de","http://www.arbeitenviernull.de","","Bundesministerium für Arbeit und Soziales","No","No","","",""
"neue-qualitaet-der-arbeit.de","http://www.neue-qualitaet-der-arbeit.de","","Bundesministerium für Arbeit und Soziales","Yes","No","","",""
"bauminister.de","http://bauminister.de","","Bundesministerium für Verkehr und digitale Infrastruktur","No","No","","",""
"bundeshaus.de","http://www.bundeshaus.de","","Bundestag","Yes","No","","",""
"der-mindestlohn-wirkt.de","http://www.der-mindestlohn-wirkt.de","","Bundesministerium für Arbeit und Soziales","No","No","","",""
"sgb2.info","http://www.sgb2.info","","Bundesministerium für Arbeit und Soziales","No","Yes","No","No",""
"inqa-epoxibewertung.de","http://www.inqa-epoxibewertung.de","","Bundesministerium für Arbeit und Soziales","Yes","No","","",""
"bundessozialgericht.de","http://www.bundessozialgericht.de","","Bundessozialgericht","Yes","No","","",""
"arbeiten4null.de","http://www.arbeiten4null.de","","Bundesministerium für Arbeit und Soziales","Yes","No","","",""
"auswanderungswesen.de","http://www.auswanderungswesen.de","","Bundesverwaltungsamt","Yes","No","","",""
"bundespruefstelle.de","http://www.bundespruefstelle.de","","Bundesprüfstelle für jugendgefährdende Medien","No","No","","",""
"meinmikrocredit.de","http://meinmikrocredit.de","","Bundesministerium für Arbeit und Soziales","No","No","","",""
"internetenquete.de","http://www.internetenquete.de","","Bundestag","Yes","No","","",""
"altersvorsorgemachtschule.org","http://altersvorsorgemachtschule.org","","Bundesministerium für Arbeit und Soziales","No","No","","",""
"european-enet.org","http://www.european-enet.org","","Bundeskriminalamt","Yes","No","","",""
"beirat-raumentwicklung.de","http://beirat-raumentwicklung.de","","Bundesministerium für Verkehr und digitale Infrastruktur","No","No","","",""
"csr-preis-bund.de","http://www.csr-preis-bund.de","","Bundesministerium für Arbeit und Soziales","Yes","No","","",""
"armutsbericht.de","http://www.armutsbericht.de","","Bundesministerium für Arbeit und Soziales","Yes","No","","",""
"wettergefahren.de","http://wettergefahren.de","","Deutscher Wetterdienst","No","No","","",""
"deutschland-wird-inklusiv.de","http://www.deutschland-wird-inklusiv.de","","Bundesministerium für Arbeit und Soziales","Yes","No","","",""
"gp-habitat.de","http://www.gp-habitat.de","","Bundestag","Yes","No","","",""
"climatemonitoring.de","http://www.climatemonitoring.de","","Deutscher Wetterdienst","Yes","No","","",""
"bsg.bund.de","http://www.bsg.bund.de","","Bundessozialgericht","No","No","","",""
"thw.de","https://www.thw.de","","Bundesanstalt Technisches Hilfswerk","No","Yes","Yes","No",""
"bildungskredit.online","http://bildungskredit.online","","Bundesverwaltungsamt","No","No","","",""
"bmas.eu","http://www.bmas.eu","","Bundesministerium für Arbeit und Soziales","Yes","No","","",""
"xn--beschftigung-gestalten-44b.de","http://xn--beschftigung-gestalten-44b.de","","Bundesministerium für Arbeit und Soziales","No","No","","",""
"bfdi.bund.de","http://www.bfdi.bund.de","","Die Bundesbeauftragte für den Datenschutz und die Informationsfreiheit","No","No","","",""
"finanzforscher.de","http://www.finanzforscher.de","","Bundesministerium der Finanzen","Yes","No","","",""
"gute-arbeit-alleinerziehende.de","http://gute-arbeit-alleinerziehende.de","","Bundesministerium für Arbeit und Soziales","No","No","","",""
"bmub.de","http://bmub.de","","Bundesministerium für Umwelt, Naturschutz, Bau und Reaktorsicherheit","No","No","","",""
"mo-ro.org","http://mo-ro.org","","Bundesministerium für Verkehr und digitale Infrastruktur","No","No","","",""
"mauer-mahnmal.de","http://www.mauer-mahnmal.de","","Bundestag","Yes","No","","",""
"bundesinfrastrukturministerium.de","http://bundesinfrastrukturministerium.de","","Bundesministerium für Verkehr und digitale Infrastruktur","No","No","","",""
"altersvorsorgemachtschule.de","http://altersvorsorgemachtschule.de","","Bundesministerium für Arbeit und Soziales","No","No","","",""
"bezuegerechner.bva.bund.de","https://bezuegerechner.bva.bund.de","","Bundesverwaltungsamt","No","Yes","Yes","No",""
"der-mindestlohn.de","http://www.der-mindestlohn.de","","Bundesministerium für Arbeit und Soziales","Yes","No","","",""
"beschaeftigtebeteiligen.de","http://www.beschaeftigtebeteiligen.de","","Bundesministerium für Arbeit und Soziales","Yes","No","","",""
"bundesbauminister.net","http://bundesbauminister.net","","Bundesministerium für Verkehr und digitale Infrastruktur","No","No","","",""
"budget.bmas.mobi","http://www.budget.bmas.mobi","","Bundesministerium für Arbeit und Soziales","Yes","No","","",""
"globalisierungsfonds.de","http://www.globalisierungsfonds.de","","Bundesministerium für Arbeit und Soziales","Yes","No","","",""
"bundesverkehrsminister.net","http://bundesverkehrsminister.net","","Bundesministerium für Verkehr und digitale Infrastruktur","No","No","","",""
"sgbii-kennzahlen.de","http://sgbii-kennzahlen.de","","Bundesministerium für Arbeit und Soziales","No","No","","",""
"bisp.de","http://www.bisp.de","","Bundesinstitut für Sportwissenschaft","No","No","","",""
"pcmet.com","http://www.pcmet.com","","Deutscher Wetterdienst","No","Yes","No","No",""
"das-demographie-netzwerk.de","http://www.das-demographie-netzwerk.de","","Bundesministerium für Arbeit und Soziales","Yes","No","","",""
"briefing4aviation.eu","http://www.briefing4aviation.eu","","Deutscher Wetterdienst","No","Yes","No","No",""
"deutscher-wetterdienst.com","http://www.deutscher-wetterdienst.com","","Deutscher Wetterdienst","No","No","","",""
"wehrbeauftragter.de","http://www.wehrbeauftragter.de","","Bundestag","Yes","No","","",""
"teilzeit-info.de","http://www.teilzeit-info.de","","Bundesministerium für Arbeit und Soziales","Yes","No","","",""
"auslandsschulwesen.de","http://www.auslandsschulwesen.de","","Bundesverwaltungsamt","Yes","No","","",""
"bpatg.de","http://www.bpatg.de","","Bundespatentgericht","Yes","No","","",""
"bundesbauministerium.net","http://bundesbauministerium.net","","Bundesministerium für Verkehr und digitale Infrastruktur","No","No","","",""
"orghandbuch.de","http://www.orghandbuch.de","","Bundesverwaltungsamt","No","No","","",""
"bbr.bund.de","http://www.bbr.bund.de","","Bundesamt für Bauwesen und Raumordnung","No","No","","",""
"ciec-deutschland.de","http://www.ciec-deutschland.de","","Bundesministerium des Innern","Yes","Yes","No","No",""
"demograf.de","http://www.demograf.de","","Bundesministerium für Arbeit und Soziales","Yes","No","","",""
"arbeitsmarktreform.de","http://arbeitsmarktreform.de","","Bundesministerium für Arbeit und Soziales","No","No","","",""
"bundesjustizamt.de","https://www.bundesjustizamt.de","","Bundesamt für Justiz","No","Yes","Yes","No",""
"gda-psyche.de","http://www.gda-psyche.de","","Bundesministerium für Arbeit und Soziales","No","No","","",""
"bsh.de","http://www.bsh.de","","Bundesamt für Seeschifffahrt und Hydrographie","No","No","","",""
"bstu.bund.de","http://www.bstu.bund.de","","Bundesbeauftragter für die Unterlagen des Staatssicherheitsdienstes der ehemaligen DDR","No","No","","",""
"bundeskanzleramt.de","http://www.bundeskanzleramt.de","","Bundeskanzleramt","Yes","No","","",""
"met4aviation.eu","http://www.met4aviation.eu","","Deutscher Wetterdienst","No","Yes","No","No",""
"dbtg.eu","http://www.dbtg.eu","","Bundestag","Yes","No","","",""
"innerersicherheitsfonds.de","http://www.innerersicherheitsfonds.de","","Bundeskriminalamt","No","No","","",""
"naturgefahrenforschung.de","http://www.naturgefahrenforschung.de","","Deutscher Wetterdienst","Yes","No","","",""
"zivildienst.de","http://zivildienst.de","","Bundesamt für Familie und zivilgesellschaftliche Aufgaben","No","No","","",""
"ballonwetter.de","http://www.ballonwetter.de","","Deutscher Wetterdienst","Yes","No","","",""
"meinmicrokredit.org","http://meinmicrokredit.org","","Bundesministerium für Arbeit und Soziales","No","No","","",""
"blickpunkt-bundestag.de","http://www.blickpunkt-bundestag.de","","Bundestag","Yes","No","","",""
"kliwas.de","http://www.kliwas.de","","Deutscher Wetterdienst","No","No","","",""
"mks-dialog.de","http://www.mks-dialog.de","","Bundesministerium für Verkehr und digitale Infrastruktur","No","No","","",""
"dwd.de","http://www.dwd.de","","Deutscher Wetterdienst","No","Yes","No","No",""
"bundesrechnungshof.de","http://www.bundesrechnungshof.de","","Bundesrechnungshof","No","Yes","No","Yes",""
"isyfact-standards.de","http://www.isyfact-standards.de","","Bundesverwaltungsamt","Yes","No","","",""
"wdrei-indikatoren.de","http://www.wdrei-indikatoren.de","","Bundestag","Yes","No","","",""
"bundesversammlung.de","http://www.bundesversammlung.de","","Bundestag","Yes","No","","",""
"cmsaf.eu","http://www.cmsaf.eu","","Deutscher Wetterdienst","No","No","","",""
"dpma.de","http://dpma.de","","Deutsches Patent- und Markenamt","No","No","","",""
"sgbzwei.net","http://sgbzwei.net","","Bundesministerium für Arbeit und Soziales","No","No","","",""
"flugwetter.de","http://www.flugwetter.de","","Deutscher Wetterdienst","No","Yes","No","No",""
"deutsches-klimaportal.de","http://www.deutsches-klimaportal.de","","Deutscher Wetterdienst","Yes","Yes","No","No",""
"wwis.dwd.de","http://www.wwis.dwd.de","","Deutscher Wetterdienst","No","Yes","No","No",""
"dta9.de","http://dta9.de","","Bundesministerium für Verkehr und digitale Infrastruktur","No","No","","",""
"ausbildungsportal.org","http://www.ausbildungsportal.org","","Bundesverwaltungsamt","Yes","No","","",""
"inqa-demographie-netzwerk.de","http://www.inqa-demographie-netzwerk.de","","Bundesministerium für Arbeit und Soziales","Yes","No","","",""
"dehst.de","https://dehst.de","","Deutsche Emissionshandelsstelle","No","Yes","Yes","No",""
"tln-mobility.eu","http://www.tln-mobility.eu","","Bundesministerium für Arbeit und Soziales","No","No","","",""
"iud.bundeswehr.de","http://www.iud.bundeswehr.de","","Bundesamt für Infrastruktur, Umweltschutz und Dienstleistungen der Bundeswehr","No","No","","",""
"fachkraeftewoche.de","http://www.fachkraeftewoche.de","","Bundesministerium für Arbeit und Soziales","Yes","No","","",""
"d-klip.de","http://www.d-klip.de","","Deutscher Wetterdienst","Yes","Yes","No","No",""
"die-rente.com","http://www.die-rente.com","","Bundesministerium für Arbeit und Soziales","Yes","No","","",""
"bfarm.de","http://www.bfarm.de","","Bundesinstitut für Arzneimittel und Medizinprodukte","No","No","","",""
"verkehrsministerium.de","http://verkehrsministerium.de","","Bundesministerium für Verkehr und digitale Infrastruktur","No","No","","",""
"w3-indikatoren.de","http://www.w3-indikatoren.de","","Bundestag","Yes","No","","",""
"bafza.de","http://www.bafza.de","","Bundesamt für Familie und zivilgesellschaftliche Aufgaben","No","Yes","No","No",""
"der-mindestlohn-kommt.de","http://www.der-mindestlohn-kommt.de","","Bundesministerium für Arbeit und Soziales","Yes","No","","",""
"ministere-federal-des-finances.de","http://www.ministere-federal-des-finances.de","","Bundesministerium der Finanzen","Yes","No","","",""
"technisches-referendariat.de","http://technisches-referendariat.de","","Bundesministerium für Verkehr und digitale Infrastruktur","No","No","","",""
"bundesverkehrsministerium.com","http://bundesverkehrsministerium.com","","Bundesministerium für Verkehr und digitale Infrastruktur","No","No","","",""
"auslandsschulwesen.net","http://auslandsschulwesen.net","","Bundesverwaltungsamt","No","No","","",""
"bzst.bund.de","http://www.bzst.bund.de","","Bundeszentralamt für Steuern","Yes","No","","",""
"polizei-deutschland.eu","http://www.polizei-deutschland.eu","","Bundeskriminalamt","Yes","No","","",""
"dvdv.de","http://www.dvdv.de","","Bundesverwaltungsamt","Yes","No","","",""
"csrindeutschland.de","http://www.csrindeutschland.de","","Bundesministerium für Arbeit und Soziales","Yes","No","","",""
"verkehrsminister.de","http://verkehrsminister.de","","Bundesministerium für Verkehr und digitale Infrastruktur","No","No","","",""
"digitalestestfeld.de","http://digitalestestfeld.de","","Bundesministerium für Verkehr und digitale Infrastruktur","No","No","","",""
"bag.bund.de","https://www.bag.bund.de","","Bundesamt für Güterverkehr","No","Yes","Yes","No",""
"sozialwahl2011.de","http://www.sozialwahl2011.de","","Bundesministerium für Arbeit und Soziales","Yes","No","","",""
"inqa.de","http://www.inqa.de","","Bundesministerium für Arbeit und Soziales","No","No","","",""
"sgb2.eu","http://sgb2.eu","","Bundesministerium für Arbeit und Soziales","No","No","","",""
